{
    "$schema": "https://go.kicad.org/pcm/schemas/v1",
    "name": "Trace Length",
    "description": "Measure trace length and equivalent resistance",
    "description_full": "Measure trace length and equivalent resistance.",
    "identifier": "com.github.iperkeno.KICAD-Trace-Length",
    "type": "plugin",
    "author": {
        "name": "Iperkeno",
        "contact": {
            "mail": "https://github.com/iperkeno"
        }
    },
    "maintainer": {
        "name": "Iperkeno",
        "contact": {
            "web": "https://github.com/iperkeno/KICAD-Trace-Length"
        }
    },
    "license": "MIT",
    "resources": {
        "git": "https://github.com/iperkeno/KICAD-Trace-Length"
    },
    "versions": [
        {
            "version": "1.0",
            "status": "stable",
            "kicad_version": "8.0",
            "download_sha256": "f86bdab2078ca508768b7d970a17f1d52f6b2eb10413a14d2e138420d5bc0e41",
            "download_size": 5.263 ,
            "download_url": "https://github.com/YOUR/DOWNLOAD/URL/kicad-beautiful-theme.zip",
            "install_size": 18422 
        }
    ]
}
